"month","total_sales","total_profit","sales_growth_rate","profit_growth_rate"
"2022-03","101683.84999999998","25420.962499999994",,
"2022-04","2.8838708319999866E7","7209677.079999967","28261.15","28261.15"
"2022-05","2.6226476749999978E7","6556619.187499994","-9.06","-9.06"
"2022-06","2.342580937999996E7","5856452.34499999","-10.68","-10.68"
